{"0-0": 0.8882333846839909, "0-1": 0.11995980199395084, "0-2": 0.12151454956284627, "0-3": 0.12824215325459012, "0-4": -0.09117945255984884, "0-5": 0.01935968831671548, "1-0": 0.11995980199395084, "1-1": 0.8873119473471655, "1-2": 0.1220731968676339, "1-3": 0.11476631098925731, "1-4": 0.012878025832602545, "1-5": 0.00835029232216055, "2-0": 0.12151454956284627, "2-1": 0.1220731968676339, "2-2": 0.8888035673286439, "2-3": 0.1191036457003923, "2-4": -0.07594555609017403, "2-5": 0.01596666145044841, "3-0": 0.12824215325459012, "3-1": 0.11476631098925731, "3-2": 0.1191036457003923, "3-3": 0.8851550392874056, "3-4": -0.04568258938253221, "3-5": 0.00805555875841162, "4-0": -0.09117945255984884, "4-1": 0.012878025832602545, "4-2": -0.07594555609017403, "4-3": -0.04568258938253221, "4-4": 0.48273219111211557, "4-5": 0.06178049145983003, "5-0": 0.01935968831671548, "5-1": 0.00835029232216055, "5-2": 0.01596666145044841, "5-3": 0.00805555875841162, "5-4": 0.06178049145983003, "5-5": 0.6722900244083684}