{"0-1": 0.1844832129202901, "0-2": 0.10426178744161997, "0-3": -0.11410751551786169, "0-4": 0.07881174722919178, "0-5": 0.015615018080289724, "1-0": 0.1844832129202901, "1-2": 0.1073896491146774, "1-3": -0.0702102246178441, "1-4": 0.22251980543440897, "1-5": 0.047575995972554616, "2-0": 0.10426178744161997, "2-1": 0.1073896491146774, "2-3": 0.0998508630195855, "2-4": 0.22636692246144674, "2-5": 0.011726622218629395, "3-0": -0.11410751551786169, "3-1": -0.0702102246178441, "3-2": 0.0998508630195855, "3-4": 0.0851039790434619, "3-5": -0.023725513199905547, "4-0": 0.07881174722919178, "4-1": 0.22251980543440897, "4-2": 0.22636692246144674, "4-3": 0.0851039790434619, "4-5": 0.08411410678628063, "5-0": 0.015615018080289724, "5-1": 0.047575995972554616, "5-2": 0.011726622218629395, "5-3": -0.023725513199905547, "5-4": 0.08411410678628063}